{
  "$schema": "http://schema.management.azure.com/schemas/2015-01-01/deploymentTemplate.json#",
  "contentVersion": "1.0.0.0",
  "parameters": {
    "publicIpNamePrefix": {
      "type": "string",
      "metadata": {
        "description": "Name of the Public IP resource."
      }
    },
    "publicIpApiVersion": {
      "type": "string",
      "metadata": {
        "description": "Azure API version for the Public IP resource."
      }
    },
    "deploymentType": {
      "type": "string",
      "allowedValues": [ "dev", "prod" ],
      "defaultValue": "dev",
      "metadata": {
        "description": "String to determine which network the VM is deployed to."
      }
    }
  },
  "variables": {
    "publicIpName": "[concat(parameters('publicIpNamePrefix'),'-',parameters('deploymentType'))]"
  },
  "resources": [
    {
      "name": "[variables('publicIpName')]",
      "type": "Microsoft.Network/publicIPAddresses",
      "location": "[resourceGroup().location]",
      "apiVersion": "[parameters('publicIpApiVersion')]",
      "tags": {
        "displayName": "[variables('publicIpName')]"
      },
      "properties": {
        "publicIPAllocationMethod": "Dynamic"
      }
    }
  ],
  "outputs": {
    "publicIpID": {
      "type": "string",
      "value": "[resourceId('Microsoft.Network/publicIPAddresses', variables('publicIpName'))]"
    }
  }
}
