{
  "$schema": "http://schema.management.azure.com/schemas/2015-01-01/deploymentParameters.json#",
  "contentVersion": "1.0.0.0",
  "parameters": {
    "baseTemplateUri": {
      "value": "https://raw.githubusercontent.com/jamesbannan/pluralsight/master/microsoft-azure-resource-manager-mastering/nested"
    },
    "nestedDeploymentNameVnet": {
      "value": "deploy-virtual-network"
    },
    "sharedTemplateNameVnet": {
      "value": "virtualNetwork.json"
    },
    "vNetName": {
      "value": "virtual-network-01"
    },
    "vNetRange": {
      "value": "10.0.0.0/16"
    },
    "subnetProdRange": {
      "value": "10.0.1.0/24"
    },
    "subnetDevRange": {
      "value": "10.0.2.0/24"
    },
    "storageType": {
      "value": "Standard_LRS"
    },
    "nestedDeploymentNameStorage": {
      "value": "deploy-storage-account"
    },
    "sharedTemplateNameStorage": {
      "value": "storageAccount.json"
    },
    "storageAccountNamePrefix": {
      "value": "storage"
    },
    "nicName": {
      "value": "vm-nic-0"
    },
    "nestedDeploymentNameNic": {
      "value": "deploy-nic"
    },
    "sharedTemplateNameNic": {
      "value": "networkInterface.json"
    },
    "nestedDeploymentNameVM": {
      "value": "deploy-virtual-machine"
    },
    "sharedTemplateNameVM": {
      "value": "virtualMachine.json"
    },
    "vmNamePrefix": {
      "value": "win"
    },
    "vmSize": {
      "value": "Standard_D1"
    },
    "vmAdminUserName": {
      "value": "vmAdmin"
    },
    "vmAdminPassword": {
      "reference": {
        "keyVault": {
          "id": "/subscriptions/<SUBSCRIPTION_ID>/resourceGroups/[resource group name]/providers/Microsoft.KeyVault/vaults/[resource group name]contosovault"
        },
        "secretName": "vmAdminPassword"
      }
    },
    "vmWindowsOSVersion": {
      "value": "2016-Datacenter"
    },
    "sharedTemplateNamePublicIp": {
      "value": "publicIP.json"
    },
    "publicIpNamePrefix": {
      "value": "ip"
    },
    "nestedDeploymentNamePublicIp": {
      "value": "deploy-public-ip"
    }
  }
}